<filetype binary="false" description="SAIL" name="SAIL">
  <highlighting>
    <options>
      <option name="LINE_COMMENT" value="//" />
      <option name="COMMENT_START" value="/*" />
      <option name="COMMENT_END" value="*/" />
      <option name="HEX_PREFIX" value="0x" />
      <option name="NUM_POSTFIXES" value="" />
      <option name="HAS_BRACES" value="true" />
      <option name="HAS_BRACKETS" value="true" />
      <option name="HAS_PARENS" value="true" />
      <option name="HAS_STRING_ESCAPES" value="true" />
    </options>
    <keywords keywords="&quot;mapping&quot;;&quot;throw&quot; &quot;clause&quot; &quot;as&quot; &quot;repeat&quot; &quot;until&quot; &quot;while&quot; &quot;do&quot; &quot;foreach&quot; &quot;bitfield&quot;;and;assert;by;cast;catch;constraint;default;effect;else;end;enum;forall;from;function;if;in;infix;infixl;infixr;let;match;newtype;operator;overload;pure;ref;register;return;scattered;sizeof;struct;then;to;try;type;union;val;var" ignore_case="false" />
    <keywords2 keywords="&quot;barr;Int;Order;Type;configuration;dec;depend;eamem;escape;exmem;inc;nondet;rmem;rmemt;rreg;undef;unspec;wmem;wmv;wmvt;wreg" />
    <keywords3 keywords="atom;bit;bits;bool;bv_t;int;int64_t;list;mpz_t;nat;option;range;real;string;uint64_t;unit;vector" />
    <keywords4 keywords="$define;$else;$endif;$ifdef;$ifndef;$include;$option;_prove;convert;create;kill;undefined" />
  </highlighting>
  <extensionMap>
    <mapping ext="sail" />
  </extensionMap>
</filetype>